{"epochs": [0, 500, 1000, 1500, 2000, 2500, 3000, 3500, 4000, 4500, 5000], "task_0_loss": [101.64975932240486, 0.03909857261169236, 0.0341458407274331, 0.03183720214292407, 0.030161947004671674, 0.030597914643294644, 0.029727903485763818, 0.029315862462681253, 0.030593255316489376, 0.02888651276953169, 0.03158041818096535], "task_1_loss": [67.64303432404995, 0.0352439414782566, 0.04606916231568903, 0.03241999599413248, 0.029882307440857403, 0.02971431770856725, 0.03148087595036486, 0.0300047429955157, 0.02859746981266653, 0.02932116384181427, 0.030816801088803913]}