{"epochs": [0, 100, 200, 300, 400, 500, 600, 700, 800, 900, 1000, 1100, 1200, 1300, 1400, 1500, 1600, 1700, 1800, 1900, 2000, 2100, 2200, 2300, 2400, 2500, 2600, 2700, 2800, 2900, 3000, 3100, 3200, 3300, 3400, 3500, 3600, 3700, 3800, 3900, 4000, 4100, 4200, 4300, 4400, 4500, 4600, 4700, 4800, 4900, 5000, 5100, 5200, 5300, 5400, 5500, 5600, 5700, 5800, 5900, 6000, 6100, 6200, 6300, 6400, 6500, 6600, 6700, 6800, 6900, 7000, 7100, 7200, 7300, 7400, 7500, 7600, 7700, 7800, 7900, 8000, 8100, 8200, 8300, 8400, 8500, 8600, 8700, 8800, 8900, 9000, 9100, 9200, 9300, 9400, 9500, 9600, 9700, 9800, 9900, 10000, 10100, 10200, 10300, 10400, 10500, 10600, 10700, 10800, 10900, 11000, 11100, 11200, 11300, 11400, 11500, 11600, 11700, 11800, 11900, 12000, 12100, 12200, 12300, 12400, 12500, 12600, 12700, 12800, 12900, 13000, 13100, 13200, 13300, 13400, 13500, 13600, 13700, 13800, 13900, 14000, 14100, 14200, 14300, 14400, 14500, 14600, 14700, 14800, 14900, 15000, 15100, 15200, 15300, 15400, 15500, 15600, 15700, 15800, 15900, 16000, 16100, 16200, 16300, 16400, 16500, 16600, 16700, 16800, 16900, 17000, 17100, 17200, 17300, 17400, 17500, 17600, 17700, 17800, 17900, 18000, 18100, 18200, 18300, 18400, 18500, 18600, 18700, 18800, 18900, 19000, 19100, 19200, 19300, 19400, 19500, 19600, 19700, 19800, 19900, 20000, 20100, 20200, 20300, 20400, 20500, 20600, 20700, 20800, 20900, 21000, 21100, 21200, 21300, 21400, 21500, 21600, 21700, 21800, 21900, 22000, 22100, 22200, 22300, 22400, 22500, 22600, 22700, 22800, 22900, 23000, 23100, 23200, 23300, 23400, 23500, 23600, 23700, 23800, 23900, 24000, 24100, 24200, 24300, 24400, 24500, 24600, 24700, 24800, 24900, 25000, 25100, 25200, 25300, 25400, 25500, 25600, 25700, 25800, 25900, 26000, 26100, 26200, 26300, 26400, 26500, 26600, 26700, 26800, 26900, 27000, 27100, 27200, 27300, 27400, 27500, 27600, 27700, 27800, 27900, 28000, 28100, 28200, 28300, 28400, 28500, 28600, 28700, 28800, 28900, 29000, 29100, 29200, 29300, 29400, 29500, 29600, 29700, 29800, 29900, 30000, 30100, 30200, 30300, 30400, 30500, 30600, 30700, 30800, 30900, 31000, 31100, 31200, 31300], "val_loss": [82.47018432617188, 0.37919968366622925, 0.16555237770080566, 0.2445400059223175, 0.05859627574682236, 0.07483083009719849, 0.04727865383028984, 0.12971936166286469, 0.06222105026245117, 0.0732388123869896, 0.06807064265012741, 0.05860406905412674, 0.116393081843853, 0.1406981199979782, 0.059963975101709366, 0.06463050097227097, 0.06150800734758377, 0.05629812926054001, 0.047564439475536346, 0.03887133672833443, 0.04898536577820778, 0.06690476834774017, 0.03874920681118965, 0.05806440860033035, 0.03628096356987953, 0.03265749290585518, 0.03414708748459816, 0.03410511463880539, 0.03584372624754906, 0.03146909922361374, 0.03593668341636658, 0.054053425788879395, 0.03252195194363594, 0.03184298798441887, 0.028707733377814293, 0.03318600729107857, 0.03889121860265732, 0.03343214467167854, 0.030868418514728546, 0.03201797977089882, 0.03167453408241272, 0.032826200127601624, 0.03172498196363449, 0.034086354076862335, 0.033617809414863586, 0.031113557517528534, 0.033071089535951614, 0.04351058602333069, 0.03453213348984718, 0.041832637041807175, 0.03799424320459366, 0.03225497528910637, 0.03249462693929672, 0.027862314134836197, 0.03182895854115486, 0.03359677642583847, 0.03840481489896774, 0.03321890905499458, 0.03315500542521477, 0.03899938613176346, 0.035030532628297806, 0.028019031509757042, 0.0474165715277195, 0.03128113970160484, 0.028887392953038216, 0.032054584473371506, 0.025580566376447678, 0.03086313046514988, 0.03527984768152237, 0.04381269961595535, 0.0324549600481987, 0.02634909562766552, 0.014911394566297531, 0.011339408345520496, 0.0045651779510080814, 0.0034793203230947256, 0.0033546832855790854, 0.005744882859289646, 0.01029758621007204, 0.006642445921897888, 0.006388498470187187, 0.011827819049358368, 0.050229936838150024, 0.03687739744782448, 0.02205757237970829, 0.004075637552887201, 0.013367541134357452, 0.0032697468996047974, 0.00411180779337883, 0.003844281192868948, 0.003882233053445816, 0.004786797799170017, 0.006203015334904194, 0.004232875071465969, 0.012285811826586723, 0.0034951716661453247, 0.006448378786444664, 0.0035734069533646107, 0.0038154274225234985, 0.0035822647623717785, 0.02815978415310383, 0.004545625299215317, 0.004419426433742046, 0.004938830621540546, 0.004298575222492218, 0.011781249195337296, 0.005389736499637365, 0.009116903878748417, 0.009833288379013538, 0.0033132736571133137, 0.005659420508891344, 0.007050746586173773, 0.023707406595349312, 0.013215381652116776, 0.01795985735952854, 0.028312476351857185, 0.014728903770446777, 0.016363874077796936, 0.014392673969268799, 0.014741858467459679, 0.010085619986057281, 0.0075183529406785965, 0.04476192221045494, 0.002058821963146329, 0.0022820602171123028, 0.0023374243173748255, 0.0025006579235196114, 0.0026343746576458216, 0.002530279103666544, 0.002438798313960433, 0.003209032118320465, 0.0023744034115225077, 0.004513108171522617, 0.00320482742972672, 0.003268616273999214, 0.003379001747816801, 0.003612090367823839, 0.005372210405766964, 0.0030546612106263638, 0.0045192730613052845, 0.006683082319796085, 0.0032424142118543386, 0.010417026467621326, 0.004507048055529594, 0.004281457047909498, 0.015368415042757988, 0.003266983199864626, 0.0035983503330498934, 0.004574652761220932, 0.0046548619866371155, 0.00626422930508852, 0.0039278361946344376, 0.0056423647329211235, 0.0061335996724665165, 0.005516001023352146, 0.005536310840398073, 0.004351296462118626, 0.007000779267400503, 0.0053092497400939465, 0.0054353754967451096, 0.004947511479258537, 0.029858116060495377, 0.004591821692883968, 0.014807437546551228, 0.016387397423386574, 0.03273140266537666, 0.03787006437778473, 0.024144114926457405, 0.008600500412285328, 0.04073274880647659, 0.038457609713077545, 0.03667192533612251, 0.03876457363367081, 0.03968559950590134, 0.04150242358446121, 0.037427451461553574, 0.008251121267676353, 0.008082672953605652, 0.04615683853626251, 0.040007226169109344, 0.04245777055621147, 0.047387462109327316, 0.046098481863737106, 0.0478723905980587, 0.047736793756484985, 0.04848185181617737, 0.05385807901620865, 0.006121308542788029, 0.046390336006879807, 0.04527900367975235, 0.05510269105434418, 0.0071296412497758865, 0.0028733208309859037, 0.0064712511375546455, 0.004778665490448475, 0.00715752225369215, 0.00948897935450077, 0.0059300814755260944, 0.014009229838848114, 0.004307121504098177, 0.008101781830191612, 0.006859087850898504, 0.01674855686724186, 0.013973386958241463, 0.008850736543536186, 0.00973640289157629, 0.007391085848212242, 0.009981612674891949, 0.00924221333116293, 0.013385923579335213, 0.010383355431258678, 0.012115798890590668, 0.013681789860129356, 0.016815105453133583, 0.052674420177936554, 0.05286206305027008, 0.05637858435511589, 0.046206992119550705, 0.050022464245557785, 0.04781677573919296, 0.006174524314701557, 0.04477284103631973, 0.03373775631189346, 0.04380088672041893, 0.03087553009390831, 0.029498126357793808, 0.0029323608614504337, 0.0029076847713440657, 0.014811256900429726, 0.004083715379238129, 0.0035042776726186275, 0.004367734305560589, 0.005364514421671629, 0.006325980648398399, 0.01048128493130207, 0.009259091690182686, 0.008773631416261196, 0.010949257761240005, 0.013528065755963326, 0.014132571406662464, 0.015153877437114716, 0.014279640279710293, 0.01694389432668686, 0.01885843090713024, 0.018486957997083664, 0.05847887322306633, 0.054357293993234634, 0.06763244420289993, 0.05803019553422928, 0.0535205639898777, 0.05934279412031174, 0.06552660465240479, 0.062009476125240326, 0.0628255307674408, 0.06290873140096664, 0.06385951489210129, 0.0551183857023716, 0.07110327482223511, 0.06961783021688461, 0.07954277098178864, 0.07078752666711807, 0.05667891353368759, 0.06407493352890015, 0.07278622686862946, 0.07111118733882904, 0.07405003905296326, 0.06622353196144104, 0.07776820659637451, 0.09798681735992432, 0.09304296970367432, 0.1011187881231308, 0.07884575426578522, 